id	cdlocal	delocal	tabfant_id
1	1	SEDE CIDASC	686
2	2	AGÊNCIA TUPY	632
3	3	SETOR VEICULO	8
4	4	RH SC	8
5	5	SUL	487
6	6	ITAJAI	463
7	7	SIDERÓPOLIS	492
8	8	ARARANGUA	492
9	9	JOACABA	463
10	10	SÃO MARTINHO	492
11	11	FLORIANOPOLIS	85
12	12	MARACAJÁ	492
13	13	LIMPEZA	530
14	14	KOBRASOL	487
15	15	MÓVEL	487
16	16	MF  LAGES	463
17	17	SESAI 1 - ARAQUARI	456
18	18	IÇARA	492
19	19	SESAI 2 - CHAPECÓ	457
20	20	CRICIUMA - SR SUL	487
21	21	SOMBRIO	487
22	22	CRICIUMA - AG OURO NEGRO	487
23	23	LAGES - AG CORAL	487
24	24	PERITIBA	492
25	25	PIRABEIRABA	487
26	26	CANOINHAS	487
27	27	LAGES	487
28	28	ERVAL VELHO	492
29	29	MAFRA	487
30	30	ARARANGUA	492
31	31	BRAÇO DO NORTE	492
32	32	IBICARE	492
33	33	RIO FORTUNA	492
34	34	PERITIBA	492
35	35	SÃO JOÃO DO SUL	492
36	36	GRÃO PARA	492
37	37	TIMBÉ DO SUL	492
38	38	RIO MAINA	492
39	39	OURO	492
40	40	TUBARÃO	487
41	41	SANTA ROSA DO SUL	492
42	42	VIDEIRA	492
43	43	CAÇADOR	492
44	44	CAÇADOR	492
45	45	JOAÇABA	492
46	46	IBICARE	492
47	47	TIMBO GRANDE	492
48	48	TUBARÃO	492
49	49	HU	445
50	50	VALE DO ITAJAI	487
51	51	CORUPÁ	487
52	52	LAGES	492
53	53	MARACAJÁ	492
54	54	TIMBÓ GRANDE	492
55	55	JOAÇABA	492
56	56	SIDERÓPOLIS	492
57	57	IMARUI	492
58	58	SANTA ROSA DE LIMA	492
59	59	MF CHAPECÓ	463
60	60	IBICARE	492
61	61	TIMBÓ GRANDE	492
62	62	CENTENÁRIO	492
63	63	CRICIUMA	487
64	64	AG VIDEIRA	492
65	65	AG GAROPABA	487
66	66	FLORIANÓPOLIS	463
67	67	BLUMENAU	463
68	68	FLORIANOPOLIS	85
69	69	PR FPOLIS	501
70	70	ESCRITORIO SC	8
71	71	MF CHAPECÓ	463
72	72	FILIAL	195
73	73	FILIAL	198
74	74	FILIAL	407
75	75	FILIAL	199
76	76	FILIAL	530
77	77	FILIAL	196
78	78	FILIAL	545
79	79	FILIAL	194
80	81	FILIAL	552
81	82	ESCRITORIO SC	137
82	83	ESCRITORIO	413
83	84	VALE DO ITAJAI	487
84	85	VALE ITAJAI	577
85	88	OESTE	577
86	89	NORTE	577
87	90	JARAGUA DO SUL - EQUIPE MÓVEL	487
88	91	PR - SC - SÃO MIGUEL D OESTE	501
89	92	CORUPÁ	487
90	93	MOVEL OESTE	487
91	94	JOINVILLE	463
92	95	LESTE	487
93	96	VALE DO ITAJAI	487
94	97	NORTE	487
95	98	OESTE	487
96	99	SUL	487
97	100	JOACABA	463
98	101	SESAI 2 - CHAPECÓ	457
99	102	SANTA ROSA DO SUL	492
100	103	BIGUAÇU	487
101	104	FLORIANOPOLIS SC 401 SACO GRANDE	632
102	105	CEL. AMERICO	487
103	106	FLORIANÓPOLIS RUA DELFINO LONTI, 306 UFSC TRINDADE	632
104	107	FLORIANÓPOLIS RUA BOCAIUVA, 2125 CENTRO	632
105	108	TIMBÉ DO SUL	492
106	109	FLORIANÓPOLIS RUA ARCIPRESTE PAIVA, 107 PFN CENTRO	463
107	110	MIRAMAR	487
108	111	FLORIANÓPOLIS RUA DOS ILHÉUS, 336 SPU CENTRO	463
109	112	DEPÓSITO JARDIM ATLANTICO - FLORIANÓPOLIS	100001
110	113	BRAÇO DO NORTE	492
111	114	BH	648
112	115	SÃO JOÃO DO SUL	492
113	116	SANTA ROSA DE LIMA	492
114	117	RUA ESTEVES JUNIOR Nº 395 CENTRO FLORIANÓPOLIS	618
115	119	LAGUNA	492
116	120	PEDRAS GRANDES	492
117	121	AGRONÔMICA	487
118	122	FILIAL	570
119	123	MÓVEL	487
120	124	SETOR VEICULO	8
121	125	TIJUCAS	487
122	126	ACADEMIA DA PRF - SC - 401	673
123	127	INCRA RJ	667
124	128	MF RJ	144
125	129	MARCENARIA	672
126	130	RH SC	8
127	132	GUARITA SEDE	8
128	133	SÃO JOÃO BATISTA	487
129	134	CAMPECHE	487
130	135	BB SC 5	632
131	136	BANCO DO BRASIL IRIRIU	632
132	137	AGÊNCIA TUPY	632
133	138	SEDE CIDASC	686
134	140	CETEM ES	656
135	141	BONFIM FÓRUM/JESP	610
136	142	CARMO DO CAJURU FÓRUM	610
137	143	CONTAGEM NOVO PRÉDIO	610
138	144	CONTAGEM ARQUIVO GEARQ(GEARQ/COPEQ)ARMAZÉNS 6-7 - CINCÃO	610
139	145	CONTAGEM ARQUIVO GEARQ(GEARQ/COVAD)ARMAZÉM 1 - CINCÃO	610
140	146	CONTAGEM ARQUIVO GEARQ(GEDOC/COARPE) ARMAZÉM 8 - CINCÃO	610
141	147	ENTRE-RIOS DE MINAS FÓRUM	610
142	148	ESMERALDAS FÓRUM	610
143	149	IGARAPÉ FÓRUM/JESP	610
144	150	ITAÚNA FÓRUM	610
145	151	ITAÚNA JESP	610
146	152	JUATUBA FÓRUM	610
147	153	MATOZINHOS FÓRUM/JESP	610
148	154	SABARÁ FÓRUM	610
149	155	SABARÁ JESP	610
150	156	SÃO DOMINGOS DO PRATA FÓRUM/JESP	610
151	157	PEDRO LEOPOLDO FÓRUM	610
152	158	CAETÉ FÓRUM	610
153	159	CAETÉ JESP	610
154	160	CARMO DA MATA FÓRUM	610
155	161	CARMÓPOLIS DE MINAS FÓRUM	610
156	162	CLÁUDIO FÓRUM	610
157	163	CONSELHEIRO LAFAIETE FÓRUM	610
158	164	DIVINÓPOLIS NOVO FÓRUM	610
159	165	FERROS FÓRUM	610
160	166	ITABIRA FÓRUM	610
161	167	ITABIRITO FÓRUM/JESP	610
162	168	ITAPECERICA NOVO FÓRUM	610
163	169	MARIANA NOVO FÓRUM	610
164	170	MATEUS LEME FÓRUM/ARQUIVO	610
165	171	MATEUS LEME JUIZADO	610
166	172	NOVA LIMA FÓRUM/ARQUIVO	610
167	173	NOVA LIMA FÓRUM ANTIGO	610
168	174	NOVA LIMA JESP	610
169	175	NOVA LIMA CEJUSC	610
170	176	NOVA SERRANA FÓRUM	610
171	177	OLIVEIRA FÓRUM	610
172	178	PARAOPEBA FÓRUM	610
173	179	PASSA-TEMPO FÓRUM	610
174	180	SANTA BÁRBARA FÓRUM/ARQUIVO	610
175	181	SANTO ANTÔNIO DO MONTE FÓRUM	610
176	182	SETE LAGOAS FORUM/ARQUIVOS	610
177	183	SETE LAGOAS JESP	610
178	184	VESPASIANO FÓRUM	610
179	185	VESPASIANO JUIZADO E ARQUIVO	610
180	186	BETIM FÓRUM CÍVEL/CRIMINAL/ARQUIVO	610
181	187	BETIM JUIZADO	610
182	188	BELO VALE FÓRUM	610
183	189	IBIRITÉ FÓRUM	610
184	190	IBIRITÉ JESP	610
185	191	IBIRITÉ ANEXO (1ª E 3ª VARAS)	610
186	192	JABOTICATUBAS FÓRUM/JESP/ARQUIVO	610
187	193	PARÁ DE MINAS FÓRUM/ARQUIVO	610
188	194	PARÁ DE MINAS JESP/CEJUSC	610
189	195	ALVINÓPOLIS FÓRUM	610
190	196	BARÃO DE COCAIS FÓRUM	610
191	197	BARÃO DE COCAIS FÓRUM ANTIGO	610
192	198	BRUMADINHO FÓRUM	610
193	199	BRUMADINHO CENTRAL DE PERÍCIAS MÉDICAS	610
194	200	CONGONHAS FÓRUM	610
195	201	CONGONHAS JUIZADO	610
196	202	ITAGUARA FÓRUM/JESP	610
197	203	JOÃO MONLEVADE FÓRUM/JESP	610
198	204	LAGOA SANTA FÓRUM/JESP	610
199	205	NOVA ERA FÓRUM	610
200	206	OURO BRANCO FÓRUM/JESP/ARQ	610
201	207	OURO PRETO FÓRUM/JESP	610
202	208	RIBEIRÃO DAS NEVES NOVO FÓRUM	610
203	209	RIO PIRACICABA FÓRUM/JESP	610
204	210	SANTA LUZIA FÓRUM	610
205	211	ABRE CAMPO FÓRUM	631
206	212	ALÉM PARAÍBA FÓRUM	631
207	213	ALTO RIO DOCE FÓRUM	631
208	214	BICAS FÓRUM	631
209	215	CARANDAÍ FÓRUM	631
210	216	LEOPOLDINA FÓRUM	631
211	217	LIMA DUARTE FÓRUM	631
212	218	MANHUMIRIM FÓRUM/AQUIVO	631
213	219	MATIAS BARBOSA FÓRUM	631
214	220	PIRAPETINGA FÓRUM	631
215	221	RIO NOVO FÓRUM	631
216	222	SENADOR FIRMINO FÓRUM	631
217	223	BARBACENA FÓRUM	631
218	224	BARBACENA JESP	631
219	225	TARUMIRIM FÓRUM	631
220	226	CARATINGA  FÓRUM	631
221	227	CATAGUASES FÓRUM	631
222	228	DIVINO FÓRUM	631
223	229	ERVÁLIA FÓRUM	631
224	230	ESPERA FELIZ FÓRUM	631
225	231	EUGENÓPOLIS FÓRUM	631
226	232	GUARANI FÓRUM	631
227	233	IPANEMA FÓRUM	631
228	234	IPATINGA FÓRUM	631
229	235	IPATINGA JESP	631
230	236	JUIZ DE FORA FÓRUM	631
231	237	LAJINHA FÓRUM	631
232	238	MANHUAÇU FÓRUM	631
233	239	MAR DA ESPANHA FORUM	631
234	240	MERCÊS FÓRUM	631
235	241	MESQUITA FÓRUM	631
236	242	MIRADOURO FÓRUM	631
237	243	MIRAÍ FÓRUM	631
238	244	MURIAÉ FÓRUM	631
239	245	PALMA FÓRUM	631
240	246	PIRANGA FÓRUM	631
241	247	PONTE NOVA FÓRUM	631
242	248	RAUL SOARES FÓRUM	631
243	249	RESENDE COSTA FÓRUM	631
244	250	RIO POMBA FÓRUM	631
245	251	SANTOS DUMONT FÓRUM	631
246	252	SANTOS DUMONT JESP	631
247	253	SÃO JOÃO NEPOMUCENO FÓRUM	631
248	254	TEIXEIRAS FÓRUM	631
249	255	TOMBOS FÓRUM	631
250	256	UBÁ FÓRUM	631
251	257	VIÇOSA FÓRUM	631
252	258	VISCONDE DO RIO BRANCO FÓRUM	631
253	259	PRADOS FÓRUM	631
254	260	RIO PRETO FÓRUM	631
255	261	AÇUCENA FÓRUM	631
256	262	BARROSO FÓRUM	631
257	263	ITANHOMI FÓRUM	631
258	264	CARANGOLA FÓRUM/ARQUIVO	631
259	265	CORONEL FABRICIANO  FÓRUM	631
260	266	INHAPIM FÓRUM	631
261	267	JEQUERI FÓRUM	631
262	268	MUTUM FÓRUM	631
263	269	RIO CASCA FÓRUM	631
264	270	SÃO JOÃO DEL-REI FÓRUM	631
265	271	TIMÓTEO FÓRUM	631
266	272	ABAETE	648
267	273	ABRE CAMPO	648
268	274	AGUAS FORMOSAS	648
269	275	AIMORES	648
270	276	AIURUOCA	648
271	277	ALEM PARAIBA	648
272	278	ALFENAS	648
273	279	ALMENARA	648
274	280	ALPINOPOLIS - SUSPENSÃO	648
275	281	ALVINOPOLIS	648
276	282	ANDRADAS	648
277	283	ANDRELANDIA  - SUSPENSO	648
278	284	ARACUAI	648
279	285	ARAGUARI	648
280	286	ARAXA	648
281	287	ARCOS	648
282	288	ARINOS	648
283	289	BAEPENDI - SUSPENSO	648
284	290	BARAO DE COCAIS	648
285	291	BARBACENA	648
286	292	BETIM	648
287	293	BICAS	648
288	294	BOA ESPERANCA	648
289	295	BOCAIUVA	648
290	296	BRASILIA DE MINAS	648
291	297	BRASOPOLIS - NÃO IMPANTADO	648
292	298	BRUMADINHO	648
293	299	BUENO BRANDAO (SUSPENSO)	648
294	300	BURITIS	648
295	301	CACHOEIRA DE MINAS	648
296	302	CAETE	648
297	303	CALDAS	648
298	304	CAMBUI	648
299	305	CAMPO BELO	648
300	306	CAMPOS ALTOS	648
301	307	CANAPOLIS	648
302	308	CONCEIÇÃO DO MATO DENTRO	648
303	309	CANDEIAS	648
304	310	CAPELINHA	648
305	311	CARANGOLA-SUSPENSÃO	648
306	312	CARATINGA	648
307	313	CARLOS CHAGAS	648
308	314	CARMO DO PARANAIBA	648
309	315	CARMO DO RIO CLARO	648
310	316	CARMOPOLIS DE MINAS	648
311	317	CASSIA	648
312	318	CATAGUASES - 1ª PROMOTORIA	648
313	319	CATAGUASES - 2ª PROMOTORIA	648
314	320	CAXAMBU	648
315	321	CLAUDIO	648
316	322	CONCEICAO DAS ALAGOAS	648
317	323	CONGONHAS	648
318	324	CONQUISTA	648
319	325	CONSELHEIRO LAFAIETE	648
320	326	CONSELHEIRO PENA	648
321	327	CONTAGEM	648
322	328	CORACAO DE JESUS	648
323	329	CORINTO	648
324	330	COROMANDEL	648
325	331	CORONEL FABRICIANO	648
326	332	CRUZILIA	648
327	333	CURVELO	648
328	334	DIAMANTINA	648
329	335	DIVINO	648
330	336	DIVINOPOLIS - 2 UNIDADES	648
331	337	DORES DO INDAIA	648
332	338	ELOI MENDES	648
333	339	ERVALIA	648
334	340	ESMERALDAS	648
335	341	ESPINOSA - SUSPENSÃO	648
336	342	FORMIGA	648
337	343	FRANCISCO SÁ	648
338	344	FRUTAL	648
339	345	GOVERNADOR VALADARES	648
340	346	GRAO MOGOL - NÃO IMPLANTADO	648
341	347	GUANHAES	648
342	348	GUAXUPE	648
343	349	IBIA	648
344	350	IBIRACI	648
345	351	IBIRITE	648
346	352	IGARAPE	648
347	353	INHAPIM	648
348	354	IPANEMA - SUSPENSÃO	648
349	355	IPATINGA - NOVA SEDE	648
350	356	IPATINGA - CARIRU	648
351	357	IPATINGA - SÃO JOÃO	648
352	358	ITABIRA	648
353	359	ITABIRITO- SUSPENSÃO	648
354	360	ITAGUARA	648
355	361	ITAJUBA	648
356	362	ITAMARANDIBA	648
357	363	ITAMBACURI	648
358	364	ITAMOGI - NÃO IMPLANTADO	648
359	365	ITAMONTE	648
360	366	ITAPAGIPE - SUSPENSÃO	648
361	367	ITAPECERICA	648
362	368	ITAUNA	648
363	369	ITUIUTABA	648
364	370	ITURAMA	648
365	371	JABUTICATUBAS	648
366	372	JACINTO	648
367	373	JAIBA - NÃO IMPLANTADO	648
368	374	JANAUBA	648
369	375	JANUARIA	648
370	376	JEQUITINHONHA	648
371	377	JOAO MONLEVADE	648
372	378	JOAO PINHEIRO- SUSPENSÃO	648
373	379	JUIZ DE FORA - CAO	648
374	380	JUIZ DE FORA - SECRETARIA	648
375	381	LAGOA DA PRATA	648
376	382	LAMBARI	648
377	383	LAVRAS - BACIA	648
378	384	LAVRAS - SEDE	648
379	385	LUZ	648
380	386	MACHADO	648
381	387	MALACACHETA	648
382	388	MANGA- SUSPENSÃO	648
383	389	MANHUACU	648
384	390	MANHUMIRIM	648
385	391	MANTENA	648
386	392	MARIANA	648
387	393	MARTINHO CAMPOS	648
388	394	MATEUS LEME	648
389	395	MATIAS BARBOSA- SUSPENSÃO	648
390	396	MATOZINHOS	648
391	397	MINAS NOVAS	648
392	398	MIRADOURO	648
393	399	MIRAI - SUSPENSÃO	648
394	400	MONTE AZUL	648
395	401	MONTE CARMELO	648
396	402	MONTES CLAROS (COORDENADORIA)	648
397	403	MONTES CLAROS (MEIO AMBIENTE)	648
398	404	MURIAE	648
399	405	MUZAMBINHO	648
400	406	NANUQUE - SUSPENSÃO	648
401	407	NOVA LIMA	648
402	408	NOVA PONTE	648
403	409	NOVA SERRANA	648
404	410	NOVO CRUZEIRO	648
405	411	OLIVEIRA	648
406	412	OURO FINO	648
407	413	OURO PRETO	648
408	414	PARA DE MINAS	648
409	415	PARACATU NOVA SEDE	648
410	416	PARACATU (SEDE CÍVEL)	648
411	417	PARACATU (SEDE CRIMINAL)	648
412	418	PARAGUAÇU	648
413	419	PARAOPEBA- SUSPENSÃO	648
414	420	PASSOS - GAECO	648
415	421	PASSOS - SEDE	648
416	422	PATOS DE MINAS	648
417	423	PATOS DE MINAS (MEIO AMBIENTE)	648
418	424	PEDRA AZUL	648
419	425	PEDRO LEOPOLDO	648
420	426	PERDIZES - NÃO IMPLANTADO	648
421	427	PIRAPORA	648
422	428	PITANGUI	648
423	429	PIUMHI	648
424	430	POCO FUNDO - SUSPENSÃO	648
425	431	POCOS DE CALDAS	648
426	432	PONTE NOVA	648
427	433	PORTEIRINHA	648
428	434	POUSO ALEGRE	648
429	435	PRATA - NÃO IMPLANTADO	648
430	436	RAUL SOARES - SUSPENSO	648
431	437	RESPLENDOR	648
432	438	RIBEIRAO DAS NEVES - PROMOTORIAS CÍVEIS - RIO POMBA	648
433	439	RIBEIRAO DAS NEVES - PROMOTORIAS CRIMINAIS	648
434	440	RIO POMBA	648
435	441	RIO VERMELHO	648
436	442	SABARA	648
437	443	SABINOPOLIS - SUSPENSÃO	648
438	444	SACRAMENTO	648
439	445	SALINAS	648
440	446	SANTA BARBARA	648
441	447	SANTA LUZIA	648
442	448	SANTA MARIA DO SUAÇUÍ	648
443	449	SANTA RITA DE CALDAS	648
444	450	SANTA RITA DO SAPUCAI	648
445	451	SANTA VITORIA	648
446	452	SANTO ANTONIO DO MONTE	648
447	453	SAO FRANCISCO	648
448	454	SAO GONCALO DO SAPUCAI	648
449	455	SAO GOTARDO	648
450	456	SÃO JOÃO NEPOMUCENO- SUSPENSÃO	648
451	457	SAO JOAO DA PONTE	648
452	458	SAO JOAO DEL REI	648
453	459	SAO LOURENCO	648
454	460	SAO ROMAO	648
455	461	SAO SEBASTIAO DO PARAISO	648
456	462	SERRO	648
457	463	SETE LAGOAS	648
458	464	SILVIANOPOLIS - NÃO IMPLANTADO	648
459	465	TEOFILO OTONI (COORDENADORIA)	648
460	466	TEOFILO OTONI (INFANCIA E JUVENTUDE)	648
461	467	TIMOTEO	648
462	468	TOMBOS	648
463	469	TRES CORACOES	648
464	470	TRES MARIAS - NÃO IMPLATADO	648
465	471	TRES PONTAS	648
466	472	TUPACIGUARA	648
467	473	UBA	648
468	474	UBERABA	648
469	475	UBERLANDIA	648
470	476	UBERLANDIA - GAECO	648
471	477	UNAI	648
472	478	VARGINHA - NOVA SEDE	648
473	479	VARGINHA - GAECO	648
474	480	VARGINHA (CRESCA) SUSPENSÃO	648
475	481	VARGINHA (SEDE)	648
476	482	VARZEA DA PALMA	648
477	483	VESPASIANO	648
478	484	VICOSA	648
479	485	VISCONDE DO RIO BRANCO	648
480	486	CIMUS	648
481	487	CONDOMÍNIO DO EDIFÍCIO PROCURADOR-GERAL DE JUSTIÇA JOSÉ DIOGO DE ALMEIDA MAGALHÃES	648
482	488	PROMOTORIA ESTADUAL DE DEFESA DO PATRIMÔNIO CULTURAL	648
483	489	DIMAT: ALMOXARIFADO CENTRAL DA PROCURADORIA-GERAL DE JUSTIÇA	648
484	490	DIRETORIA DE GESTÃO DOCUMENTAL	648
485	491	08ª PJ JUIZADO ESPECIAL CÍVEL E CRIMINAL - SECRETÁRIA	648
486	492	10º PJ JUIZO DE EXECUÇÃO PENAL	648
487	493	11° PROMOTORIA COMBATE CRIME ORGANIZADO	648
488	494	12º PJ CRIMINAL  -  11° ANDAR	648
489	495	12º PJ JUÍZO DE FAMÍLIA - SECRETARIA (FÓRUM LAFAYETTE)	648
490	496	18ª PJ DEFESA DOS DIREITOS HUMANOS - SECRETARIA	648
491	497	18ª PJ DEFESA DOS DIREITOS HUMANOS, IGUALDADE RACIAL, APOIO COMUNITÁRIO E FISCALIZAÇÃO DA ATIVIDADE POLICIAL - COMBATE À VIOLÊNCIA DOMÉSTICA E FAMILIAR CONTRA A MULHER - SECRETARIA	648
492	498	19º PJ DEFESA DA SAÚDE RECEPÇÃO	648
493	499	23ª PJ CRIANÇAS E ADOLESCENTES - CÍVEL - RECEPÇÃO	648
494	500	2º PJ JUIZO DE FAMILIA	648
495	501	5º ANDAR AMMP - PJ OUVIDORIA	648
496	502	NOVA CIA	648
497	503	UCC	648
498	504	TRES TORRES	648
499	505	TORRE QUATRO	648
500	506	ALMG- PALÁCIO DA INCONFIDÊNCIA- PALÁCIO DA INCONFIDENCIA	664
501	507	ABC	736
502	508	AG EMPRESARIAL	736
503	509	AGD BELO HORIZONTE LESTE - PRÉDIO HORTO	736
504	510	AGD BELO HORIZONTE OESTE - PRÉDIO HORTO	736
505	511	ALEMG	736
506	512	ALÍPIO DE MELO	736
507	513	ALTEROSAS	736
508	514	ANA LUCIA	736
509	515	BAIRRO CEU AZUL	736
510	516	BAIRRO SANTA AMELIA, MG	736
511	517	BAIRRO SANTA MÔNICA	736
512	518	BARONESA	736
513	519	BARREIRO	736
514	520	BARRO PRETO	736
515	521	BELO HORIZONTE	736
516	522	BELO HORIZONTE LESTE	736
517	523	BELVEDERE	736
518	524	BETÂNIA	736
519	525	BETIM	736
520	526	BRUMADINHO	736
521	527	BURITIS	736
522	528	CAETE	736
523	529	CALAFATE	736
524	530	ESCRITORIO SC	736
525	531	CAPELA NOVA	736
526	532	CARMO - SION	736
527	533	CEFET	736
528	534	CELSO FURTADO	736
529	535	CONGONHAS	736
530	536	CONSELHEIRO LAFAIETE	736
531	537	CONTAGEM	736
532	538	CORAÇÃO EUCARÍSTICO	736
533	539	DEPARTAMENTO DA POLICIA FEDERAL	736
534	540	ESMERALDAS	736
535	541	FACULDADE DE ENGENHARIA	736
536	542	FLORESTA,MG	736
537	543	GUAJAJARAS	736
538	544	HORTO FLORESTAL , MG	736
539	545	IBIRITÉ	736
540	546	IGARAPÉ	736
541	547	IMPERADOR, MG	736
542	548	INCONFIDÊNCIA, MG	736
543	549	ITABIRITO	736
544	550	ITACOLOMI	736
545	551	JARDIM CANADÁ	736
546	552	JARDIM INDUSTRIAL	736
547	553	JOÃO GUIMARÃES ROSA	736
548	554	JOAQUIM DE OLIVEIRA	736
549	555	JOSE ALENCAR (CORACAO DE JESUS)	736
550	556	JUSTIÇA FEDERAL DE BELO HORIZONTE	736
551	557	JUSTINOPOLIS	736
552	558	LAGOA DO NADO	736
553	559	LAGOA SANTA	736
554	560	LIMPEZA SOB DEMANDA	736
555	561	LOURDES	736
556	562	LUXEMBURGO	736
557	563	MANGABEIRAS	736
558	564	MANUTENCAO CREDITOS HABITACIONAIS - CEHMA	736
559	565	MARIANA	736
560	566	MATOZINHOS	736
561	567	MINAS SHOPPING,MG	736
562	568	MINAS TÊNIS	736
563	569	NOVA LIMA	736
564	570	OLEGARIO MACIEL	736
565	571	OURO BRANCO	736
566	572	OURO PRETO	736
567	573	PACTO	736
568	574	PADRE EUSTÁQUIO	736
569	575	PAMPULHA	736
570	576	PARC ROYAL	736
571	577	PEDRO LEOPOLDO	736
572	578	PORTAL DOS SERTÕES	736
573	579	PREFEITURA MUNICIPAL DE BETIM	736
574	580	PRESIDENTE JK	736
575	581	RAJA GABAGLIA	736
576	582	RENASCENÇA, MG	736
577	583	RESSACA	736
578	584	RIBEIRÃO DAS NEVES	736
579	585	SABARA	736
580	586	SALGADO FILHO	736
581	587	SANTA EFIGÊNIA	736
582	588	SANTA LUZIA	736
583	589	SANTO AGOSTINHO	736
584	590	SANTO ANTÔNIO	736
585	591	SÃO CAETANO	736
586	592	SÃO JOAQUIM DE BICAS	736
587	593	SÃO JOSÉ DA LAPA	736
588	594	SARZEDO	736
589	595	SAVASSI	736
590	596	SÉCULO	736
591	597	SERRA DE SANTA HELENA	736
592	598	SESC, MG	736
593	599	SETE LAGOAS	736
594	600	SHOPPING CIDADE	736
595	601	SHOPPING DEL REY	736
596	602	SHOPPING ESTAÇÃO	736
597	603	SHOPPING MONTE CARMO	736
598	604	SINFRONIO BROCHADO	736
599	605	SISTEMA FIEMG	736
600	606	TCE MG	736
601	607	TRT 3ª REGIÃO BELO HORIZONTE	736
602	608	TRT CONTAGEM	736
603	609	TRT JUSTIÇA TRABALHO BELO HORIZONTE	736
604	610	UFMG	736
605	611	UFOP	736
606	612	VALE VERDE	736
607	613	VARA DO TRABALHO CONGONHAS	736
608	614	VAREJO DIGITAL BELO HORIZONTE - PRÉDIO HORTO	736
609	615	VENDA NOVA	736
610	616	VESPASIANO	736
611	617	VILA RICA	736
612	618	VINTE E UM DE ABRIL	736
613	619	ALPINÓPOLIS FÓRUM	773
614	620	BORDA DA MATA FÓRUM	773
615	621	BRAZÓPOLIS FÓRUM	773
616	622	BUENO BRANDÃO FÓRUM	773
617	623	CABO VERDE FÓRUM	773
618	624	CAMANDUCAIA FÓRUM	773
619	625	CAMPOS GERAIS FÓRUM	773
620	626	CANDEIAS FÓRUM	773
621	627	CARMO DO RIO CLARO FÓRUM	773
622	628	CRISTINA FÓRUM	773
623	629	EXTREMA FÓRUM	773
624	630	GUARANÉSIA FÓRUM	773
625	631	ITAJUBÁ FÓRUM CÍVEL	773
626	632	ITAJUBÁ FÓRUM CRIMINAL/ JESP	773
627	633	ITAMOGI FÓRUM	773
628	634	PEDRALVA FÓRUM	773
629	635	POUSO ALEGRE FÓRUM	773
630	636	SÃO GONÇALO DO SAPUCAÍ FÓRUM	773
631	637	SILVIANÓPOLIS FÓRUM	773
632	638	GUAXUPÉ FÓRUM	773
633	639	NATÉRCIA FÓRUM	773
634	640	TRÊS PONTAS FÓRUM	773
635	641	AIURUOCA FÓRUM	773
636	642	ANDRELÂNDIA FÓRUM	773
637	643	AREADO FÓRUM	773
638	644	BAEPENDI FÓRUM	773
639	645	BOM SUCESSO FÓRUM	773
640	646	CACHOEIRA DE MINAS FÓRUM	773
641	647	CALDAS FÓRUM	773
642	648	CAMBUÍ FÓRUM	773
643	649	CAMBUQUIRA FÓRUM	773
644	650	CAMPANHA FÓRUM	773
645	651	CAMPESTRE FÓRUM	773
646	652	CAMPO BELO FÓRUM	773
647	653	CARMO DE MINAS FÓRUM	773
648	654	CÁSSIA FÓRUM/JESP	773
649	655	CAXAMBU FÓRUM	773
650	656	CONCEIÇÃO DO RIO VERDE FÓRUM	773
651	657	GUAPÉ FÓRUM	773
652	658	IBIRACI FÓRUM	773
653	659	ITAMONTE FÓRUM	773
654	660	ITANHANDU FÓRUM	773
655	661	ITUMIRIM FÓRUM	773
656	662	JACUÍ FÓRUM	773
657	663	LAMBARI FÓRUM	773
658	664	LAVRAS FÓRUM	773
659	665	LAVRAS JESP	773
660	666	MACHADO FÓRUM	773
661	667	MONTE BELO FÓRUM	773
662	668	MONTE SANTO DE MINAS FÓRUM	773
663	669	MUZAMBINHO FÓRUM	773
664	670	NEPOMUCENO FÓRUM	773
665	671	PARAGUAÇU FÓRUM/JESP	773
666	672	PARAISÓPOLIS FÓRUM	773
667	673	PASSA-QUATRO FÓRUM	773
668	674	PASSOS FÓRUM	773
669	675	PERDÕES FÓRUM	773
670	676	POÇO FUNDO FÓRUM	773
671	677	PRATÁPOLIS FÓRUM	773
672	678	SANTA RITA DE CALDAS FÓRUM	773
673	679	SANTA RITA DO SAPUCAÍ FÓRUM	773
674	680	SÃO LOURENÇO FÓRUM	773
675	681	SÃO SEBASTIÃO DO PARAÍSO FÓRUM	773
676	682	SÃO SEBASTIÃO DO PARAÍSO ARQUIVO/ POLO REGIONAL DE SAÚDE	773
677	683	TRÊS CORAÇÕES FÓRUM / ARQUIVO/JESP	773
678	684	VARGINHA FÓRUM E JESP	773
679	685	BOA ESPERANÇA FÓRUM/ARQUIVO	773
680	686	NOVA RESENDE FÓRUM	773
681	687	ALFENAS FÓRUM	773
682	688	ANDRADAS FÓRUM	773
683	689	BOTELHOS FÓRUM	773
684	690	CRUZÍLIA FÓRUM	773
685	691	ELÓI MENDES FÓRUM	773
686	692	JACUTINGA FÓRUM	773
687	693	MONTE SIÃO FÓRUM	773
688	694	OURO FINO FÓRUM	773
689	695	PIUMHI FÓRUM	773
690	696	POÇOS DE CALDAS JESP	773
691	697	POÇOS DE CALDAS FÓRUM	773
692	698	PAIAGUAS, MT	812
693	699	PA FIEMT	812
694	700	UFMT, MT	812
695	701	13 DE JUNHO, MT	812
696	702	PRAINHA, MT	812
697	703	COXIPO, MT	812
698	704	MIGUEL SUTIL, MT	812
699	705	MORADA DO OURO, MT	812
700	706	ORGAOS FAZENDARIOS, MT	812
701	707	JUSTICA FEDERAL CUIABA, MT	812
702	708	CIDADE VERDE, MT	812
703	709	TANGARA DA SERRA, MT	812
704	710	TRT 23A REGIAO CUIABA, MT	812
705	711	BOM JESUS DE CUIABA, MT	812
706	712	RONDONOPOLIS, MT	812
707	713	PAB TRT RONDONOPOLIS	812
708	714	TUIUIU, MT	812
709	715	VARZEA GRANDE, MT	812
710	716	PANTANEIRA, MT	812
711	717	IPE, MT	812
712	718	SAANC SINOP	812
713	719	SINOP, MT	812
714	720	PAB TRT SINOP	812
715	721	MATRINXA, MT	812
716	722	SEV SINOP	812
717	723	BARRA DO BUGRES, MT	812
718	724	CACERES, MT	812
719	725	PAE QUIOSQUE PM CACERES	812
720	726	AGUAS DO PANTANAL, MT	812
721	727	BARRA DO GARCAS, MT	812
722	728	AGUAS DO ARAGUAIA, MT	812
723	729	JACIARA, MT	812
724	730	SNC JACIARA, MT	812
725	731	ALTA FLORESTA, MT	812
726	732	DIAMANTINO, MT	812
727	733	SORRISO, MT	812
728	734	LUCAS DO RIO VERDE, MT	812
729	735	CAMPO VERDE, MT	812
730	736	ALTO ARAGUAIA, MT	812
731	737	GUARANTA DO NORTE, MT	812
732	738	JUINA, MT	812
733	739	CONFRESA, MT	812
734	740	PONTES E LACERDA, MT	812
735	741	CAMPO NOVO PARECIS, MT	812
736	742	COLIDER, MT	812
737	743	NOVA MUTUM, MT	812
738	744	JUARA, MT	812
739	745	MIRASSOL D OESTE, MT	812
740	746	SAPEZAL, MT	812
741	747	AGUA BOA, MT	812
742	748	PA AGRO PRIMAVERA  (INAUGUROU MÊS 6/2023	812
743	749	PRIMAVERA DO LESTE, MT	812
744	750	CANARANA, MT	812
745	751	PARANAITA, MT	812
746	752	FELIZ NATAL, MT	812
747	753	MATUPA, MT	812
748	754	TAPURAH, MT	812
749	755	PEIXOTO DE AZEVEDO, MT	812
750	756	NOVA OLIMPIA, MT	812
751	757	ITIQUIRA, MT	812
752	758	CAMPOS DE JULIO, MT	812
753	759	POCONE, MT	812
754	760	ALTO TAQUARI, MT	812
755	761	AGRO TELES PIRES, MT	812
756	762	PA NOVA XAVANTINA/MT	812
757	763	PA AGRO PARECIS/MT	812
758	764	PA AGRO CANARANA/MT	812
759	765	ED SEDE CUIABA - COMANDANTE COSTA	812
760	766	ARIPUANA, MT	812
761	767	COMODORO, MT	812
762	768	PORTAL NORTE, MT	812
763	769	SAO JOSE DO RIO CLARO, MT	812
764	770	AGRO ALTIPLANO	812
765	771	AGRO TANGARA DA SERRA	812
766	772	FINEP RJ	640
767	773	APS BELFORD ROXO	650
768	774	APS CIAD	650
769	775	APS BARRA TIJUCA	650
770	776	APS LARGO DO BICÃO	650
771	777	APS GUAPIMIRIM	650
772	778	APS DEL CASTILHO	650
773	779	APS ILHA DO GOVERNO	650
774	780	APS JAPERI	650
775	781	APS JARDIM PRIMAVERA	650
776	782	APS COPACABANA	650
777	783	APS MESQUITA	650
778	784	APS OLINDA ELLIS	650
779	785	APS PARACAMBI	650
780	786	APS RAMOS	650
781	787	APS QUEIMADOS	650
782	788	APS RAIMUNDO CORREA	650
783	789	CASA	650
784	790	APS SANTA CRUZ	650
785	791	CEDOC NOVA IGUAÇU	650
786	792	COMISSÃO DE INQUÉRITO	650
787	793	DEPÓSITO NÃO OPERACIONAL	650
788	794	APS TIJUCA	650
789	795	MINISTÉRIO DA INTEGRAÇÃO	650
790	796	APS DUQUE DE CAXIAS 25 DE MARÇO	650
791	797	PREVIC - APS DIGITAL	650
792	798	APS ALMIRANTE BARROSO	650
793	799	APS NILÓPOLIS	650
794	800	APS ANDRÉ MOREIRA	650
795	801	APS COSME VELHO	650
796	802	APS ITAGUAI	650
797	803	APS CENTRO	650
798	804	APS PRESIDENTE VARGAS	650
799	805	APS PRESIDENTE ANTÔNIO CARLOS	650
800	806	APS REALENGO	650
801	807	APS JACAREPAGUÁ	650
802	808	APS MAGÉ	650
803	809	APS NILO PEÇANHA	650
804	810	APS MARACANÃ	650
805	811	APS BANGU	650
806	812	APS MIGUEL LEMOS	650
807	813	APS AVENIDA BRASIL	650
808	814	APS ENGENHEIRO TRINDADE	650
809	815	CEDOCPREV 2	650
810	816	CEDOCPREV 1	650
811	817	APS OLARIA	650
812	818	CEDOC CORDOVIL	650
813	819	APS BANDEIRA	650
814	820	APS MEIER	650
815	821	CEDOC GALENO	650
816	822	GEX RIO DE JANEIRO NORTE	650
817	823	GEX DUQUE DE CAXIAS	650
818	824	APS NOVA IGUAÇU	650
819	825	GEX RIO DE JANEIRO CENTRO	650
820	826	APS SÃO JOÃO DO MERITI	650
821	827	TJ RJ	660
822	828	INSTITUTO DE CRIMINALISTICA	623
823	829	INSTITUTO MÉDICO LEGAL	625
824	830	MUSEU DO OLHO	642
825	831	SEDE / MP / CJAP	642
826	832	MIS (MUSEU DA IMAGEM E DO SOM)	642
827	833	MEXP (MUSEU DO EXPEDICIONÁRIO)	642
828	834	MAA (MUSEU ALFREDO ANDERSEN)	642
829	835	CASA GOMM	642
830	836	SUPERINTENDÊNCIA DA REGIONAL LESTE	658
831	837	COMANDO DA 1ª CIA DO BPRV	658
832	838	GRÊNCIA DE EQUIPAMENTOS	658
833	839	SEDE MINISTÉRIO DA ECONOMIA RS	358
834	840	PORTO ALEGRE - ARQUIVO GERAL DO MINISTÉRIO DA ECONOMIA RS	358
835	841	PORTO ALEGRE - DEPÓSITO	358
836	842	BENTO GONÇALVES RS (ESCRITÓRIO DE REPRESENTAÇÃO)	358
837	843	LAJEADO RS (ESCRITÓRIO DE REPRESENTAÇÃO)	358
838	844	PASSO FUNDO RS (PSFN)	358
839	845	PELOTAS RS (PSFN)	358
840	846	SANTA MARIA RS (PSFN)	358
841	847	SANTO ÂNGELO RS (PSFN)	358
842	848	URUGUAIANA RS (PSFN)	358
843	849	PORTO ALEGRE	358
844	850	RIO GRANDE	358
845	851	PELOTAS	358
846	852	SANTA MARIA	358
847	853	BAGÉ	358
848	854	OSÓRIO	358
849	855	NOVO HAMBURGO	358
850	856	GRAVATAÍ	358
851	857	CAXIAS DO SUL	358
852	858	PALMEIRA DAS MISSÕES	358
853	859	PASSO FUNDO	358
854	860	LAJEADO	358
855	861	SANTA CRUZ DO SUL	358
856	862	SANTO ÂNGELO	358
857	863	URUGUAIANA	358
858	864	SÃO BORJA	358
859	865	AG SANTO ANTONIO DAS MISSÕES	377
860	866	PA PM PORTO VERA CRUZ	377
861	867	AG AUGUSTO PESTANA	377
862	868	AG ENTRE IJUÍS	377
863	869	AG PORTO LUCENA	377
864	870	AG ROQUE GONZALES	377
865	871	PA BOZANO	377
866	872	PA CORONEL BARROS	377
867	873	PA NOVO MACHADO	377
868	874	PA PORTO MAUÁ	377
869	875	PA UBIRETAMA	377
870	876	PA VITÓRIA DAS MISSÕES	377
871	877	AG GIRUÁ	377
872	878	PA SALVADOR DAS MISSÕES	377
873	879	PA SENADOR SALGADO FILHO	377
874	880	PA BOA VISTA DO CADEADO	377
875	881	AG SANTO CRISTO	377
876	882	AG ALEGRIA	377
877	883	AG BAIRRO PIPPI	377
878	884	AG  SÃO LUIZ GONZAGA	377
879	885	AG BOA VISTA DO INCRA	377
880	886	AG CAIBATÉ	377
881	887	AG CRUZ ALTA	377
882	888	AG CAMPINA DAS MISSÕES	377
883	889	AG CÂNDIDO GODÓI	377
884	890	AG CERRO LARGO	377
885	891	AG CRUZEIRO SANTA ROSA	377
886	892	AG DR. MAURÍCIO CARDOSO	377
887	893	AG EUGÊNIO DE CASTRO	377
888	894	AG FORTALEZA DOS VALOS	377
889	895	AG IJUÍ	377
890	896	AG SANTO ÂNGELO	377
891	897	AG SANTA ROSA	377
892	898	AG GARRUCHOS	377
893	899	AG GUARANI DAS MISSÕES	377
894	900	AG HORIZONTINA	377
895	901	AG INDEPENDÊNCIA	377
896	902	AG JÓIA	377
897	903	AG PORTAL DAS MISSÕES	377
898	904	AG SALTO DO JACUÍ	377
899	905	AG SÃO MIGUEL DAS MISSÕES	377
900	906	AG SÃO NICOLAU	377
901	907	AG SÃO PAULO DAS MISSÕES	377
902	908	AG TRÊS DE MAIO	377
903	909	AG TUCUNDUVA	377
904	910	AG TUPARENDI	377
905	911	AG CATUÍPE	377
906	912	AG AV. PLÁCITO DE CASTRO	377
907	913	AG BOSSOROCA	377
908	914	AG PORTO XAVIER	377
909	915	SUREG NOROESTE	377
910	916	PFN/SC ( 917,64 GARAGEM )	463
911	917	CGU-R/SC	463
912	918	SPU/SC	463
913	919	PSFN/BLUMENAU	463
914	920	PSFN/CHAPECÓ	463
915	921	PSFN/CRICIÚMA	463
916	922	PSFN/JOAÇABA	463
917	923	PSFN/JOINVILLE	463
918	924	SAMF/SC	463
919	925	SUPERINTENDENCIA REGIONAL DO TRABALHO SC	613
920	926	GERENCIA REGIONAL EM BLUMENAU	613
921	927	GERENCIA REGIONAL EM CHAPECO	613
922	928	GERENCIA REGIONAL EM CRICIUMA	613
923	929	GERENCIA REGIONAL EM JOINVILLE	613
924	930	GERENCIA REGIONAL EM LAGES	613
925	931	AGENCIA REGIONAL EM ARARANGUA	613
926	932	AGENCIA REGIONAL EM BALNEARIO CAMBURIU	613
927	933	AGENCIA REGIONAL EM BRUSQUE	613
928	934	AGENCIA REGIONAL EM CAÇADOR	613
929	935	AGENCIA REGIONAL EM CONCORDIA	613
930	936	AGENCIA REGIONAL EM ITAJAI	613
931	937	AGENCIA REGIONAL EM JARAGUA DO SUL	613
932	938	AGENCIA REGIONAL EM JOAÇABA	613
933	939	AGENCIA REGIONAL EM LAGUNA	613
934	940	AGENCIA REGIONAL EM MAFRA	613
935	941	AGENCIA REGIONAL EM RIO DO SUL	613
936	942	AGENCIA REGIONAL EM RIO NEGRINHO	613
937	943	AGENCIA REGIONAL EM SÃO JOSE	613
938	944	AGENCIA REGIONAL EM SÃO MIGUEL DO OESTE	613
939	945	AGENCIA REGIONAL EM TUBARAO	613
940	946	AGENCIA REGIONAL EM URUSSANGA	613
941	947	AGENCIA REGIONAL EM  VIDEIRA	613
942	948	APA DA BALEIA FRANCA	813
943	949	FLONA CAÇADOR	813
944	950	FLONA CHAPECÓ	813
945	951	FLONA TRÊS BARRAS	813
946	952	NGI FLORIANÓPOLIS (JURERÊ)	813
947	953	NGI FLORIANÓPOLIS (COSTEIRA)	813
948	954	NGI IBIRAMA	813
949	955	PARNA SERRA DO ITAJAÍ	813
950	956	PARNA SERRA SÃO JOAQUIM	813
951	957	MARAVILHA	833
952	958	ARAQUARI	833
953	959	BALN.BARRA DO SUL	833
954	960	NOVA ITABERABA	833
955	961	PONTE ALTA DO NORTE	833
956	962	SAO CRISTOVAO DO SUL	833
957	963	SAO PEDRO ALCANTARA	833
958	964	CENTRAL-SC/FLORIANOPOLIS	833
959	965	CENTENARIO	833
960	966	IMARUI	833
961	967	CALCADAO LAGES	833
962	968	RIO DAS ANTAS	833
963	969	BAIRRO SANTA RITA/BRUSQUE	833
964	970	BOM JARDIM DA SERRA	833
965	971	ATLANTICO SUL/BALN. CAMBORIU	833
966	972	TRES BARRAS	833
967	973	SAUDADES	833
968	974	SAO JOSE DO CERRITO	833
969	975	JABORA	833
970	976	ANGELINA	833
971	977	TIMBE DO SUL	833
972	978	RIO FORTUNA	833
973	979	IMBUIA	833
974	980	PETROLANDIA	833
975	981	ATALANTA	833
976	982	PAULO LOPES	833
977	983	ARROIO TRINTA	833
978	984	LACERDOPOLIS	833
979	985	MAJOR GERCINO	833
980	986	MARACAJA	833
981	987	PINHEIRO PRETO	833
982	988	ROMELANDIA	833
983	989	PEDRAS GRANDES	833
984	990	IPIRA	833
985	991	SAO MARTINHO-SC	833
986	992	SANTA ROSA DE LIMA	833
987	993	ANITAPOLIS	833
988	994	BOTUVERA	833
989	995	LEOBERTO LEAL	833
990	996	AGUAS MORNAS	833
991	997	PRES.CASTELO BRANCO	833
992	998	PRESIDENTE NEREU	833
993	999	SAO BONIFACIO	833
994	1000	PERITIBA	833
995	1001	WITMARSUM	833
996	1002	IBICARE	833
997	1003	RANCHO QUEIMADO	833
998	1004	PALHOCA/CENTRO	833
999	1005	SAO JOAO DO SUL	833
1000	1006	CORREIA PINTO	833
1001	1007	ERVAL VELHO	833
1002	1008	MODELO	833
1003	1009	SUL BRASIL	833
1004	1010	CANELINHA	833
1005	1011	LUIZ ALVES	833
1006	1012	NOVA ERECHIM	833
1007	1013	AGUAS FRIAS	833
1008	1014	GUARUJA DO SUL	833
1009	1015	GRAO PARA	833
1010	1016	AGRONOMICA	833
1011	1017	LONTRAS	833
1012	1018	LAURENTINO	833
1013	1019	GUABIRUBA	833
1014	1020	SCHROEDER	833
1015	1021	PENHA	833
1016	1022	GALVAO	833
1017	1023	GOV.CELSO RAMOS	833
1018	1024	AURORA	833
1019	1025	DONA EMMA	833
1020	1026	IRACEMINHA	833
1021	1027	LINDOIA DO SUL	833
1022	1028	MAREMA	833
1023	1029	UNIAO DO OESTE	833
1024	1030	SANTA ROSA DO SUL	833
1025	1031	ABDON BATISTA	833
1026	1032	TUNAPOLIS	833
1027	1033	PREF.MUN.STA.HELENA	833
1028	1034	SERRA ALTA	833
1029	1035	JOSE BOITEUX	833
1030	1036	VITOR MEIRELES	833
1031	1037	ITAPOA	833
1032	1038	URUPEMA	833
1033	1039	DOUTOR PEDRINHO	833
1034	1040	APIUNA	833
1035	1041	VILA NOVA/JOINVILLE	833
1036	1042	TIMBO GRANDE	833
1037	1043	LUZERNA	833
1038	1044	BELA VISTA/SÃO JOSE	833
1039	1045	CAPIVARI DE BAIXO	833
1040	1046	RIO MAINA	833
1041	1047	AG. SHOPPING IGUATEMI	379
1042	1048	SNC SHOPPING IGUATEMI	379
1043	1049	AG. ASSIS BRASIL	379
1044	1050	AG. VILA FERNANDES	379
1045	1051	AG. CORONEL BORDINI	379
1046	1052	AG. BOURBON WALLIG	379
1047	1053	AG. V COMAR	379
1048	1054	PAB JT CANOAS	379
1049	1055	AG. MOINHOS DE VENTO	379
1050	1056	AG. NAVEGANTES	379
1051	1057	AG. PASSO DA AREIA	379
1052	1058	AG. PROTÁSIO ALVES	379
1053	1059	AG. SÃO JOÃO	379
1054	1060	LABORATÓRIO DE AGÊNCIAS	379
1055	1061	AG. AVENIDA DO FORTE	379
1056	1062	AG. BENTO GONÇALVES	379
1057	1063	AG. CAMPO BOM	379
1058	1064	AG. CANOAS	379
1059	1065	SNC CANOAS	379
1060	1066	AG. CAXIAS DO SUL	379
1061	1067	AG DIGITAL SERRA GAUCHA	379
1062	1068	PAB JT CAXIAS DO SUL	379
1063	1069	SR SERRA GAÚCHA	379
1064	1070	GIHAB/CX	379
1065	1071	REGOV/CX	379
1066	1072	AG. ESTÂNCIA VELHA	379
1067	1073	AG. ESTEIO	379
1068	1074	AG. ESTRELA	379
1069	1075	AG. FARROUPILHA	379
1070	1076	AG. GARIBALDI	379
1071	1077	AG. GRAVATAÍ	379
1072	1078	SNC GRAVATAÍ	379
1073	1079	PAB JT GRAVATAÍ/RS	379
1074	1080	AG. GUAÍBA	379
1075	1081	AG. LAJEADO	379
1076	1082	AG. NOVO HAMBURGO	379
1077	1083	SEV NOVO HAMBURGO	379
1078	1084	REGOV/NH	379
1079	1085	REOPE/NH	379
1080	1086	GIHAB/NH	379
1081	1087	CEHOJ/NH	379
1082	1088	AG. OSÓRIO	379
1083	1089	AG. SÃO FRANCISCO DE PAULA	379
1084	1090	AG. SÃO JERÔNIMO	379
1085	1091	AG. SÃO LEOPOLDO	379
1086	1092	AG. SAPIRANGA	379
1087	1093	AG. TAQUARA	379
1088	1094	AG. TAQUARI	379
1089	1095	AG. TRAMANDAÍ	379
1090	1096	SNC TRAMANDAÍ	379
1091	1097	AG. TORRES	379
1092	1098	AG. VACARIA	379
1093	1099	AGRO VACARIA	379
1094	1100	PA PM VACARIA	379
1095	1101	AG. VERANÓPOLIS	379
1096	1102	AG. VENÂNCIO AIRES	379
1097	1103	AG. MONTENEGRO	379
1098	1104	AG. ENCANTADO	379
1099	1105	AG. NOVA PRATA	379
1100	1106	AG. CANELA	379
1101	1107	AG. SÃO SEBASTIÃO DO CAÍ	379
1102	1108	AG. SERAFINA CORRÊA	379
1103	1109	AG. SANTO ANTÔNIO DA PATRULHA	379
1104	1110	AG. CACHOEIRINHA	379
1105	1111	SNC CACHOEIRINHA	379
1106	1112	PAB JT CACHOEIRINHA	379
1107	1113	AG. GUAPORÉ	379
1108	1114	AG. ALTO PETRÓPOLIS	379
1109	1115	AG. SAPUCAIA DO SUL	379
1110	1116	SNC SAPUCAIA DO SUL	379
1111	1117	AG. FLORES DA CUNHA	379
1112	1118	AG. VIAMÃO	379
1113	1119	AG. GRAMADO	379
1114	1120	SAANC GRAMADO	379
1115	1121	AG. NOVA PETRÓPOLIS	379
1116	1122	AG. SÃO MARCOS	379
1117	1123	AG. TRÊS COROAS	379
1118	1124	AG. ANTÔNIO PRADO	379
1119	1125	AG. DOIS IRMÃOS	379
1120	1126	AG. CASCA	379
1121	1127	AG. PAROBÉ	379
1122	1128	AG. ALVORADA	379
1123	1129	AG. MUÇUM	379
1124	1130	AG. NOVA BASSANO	379
1125	1131	AG. AV. CARLOS GOMES	379
1126	1132	AG. SÃO PELEGRINO	379
1127	1133	SAANC PRATA VIEIRA	379
1128	1134	SAANC SÃO PELEGRINO	379
1129	1135	AG. CAPUCHINHOS	379
1130	1136	REOPE /CX	379
1131	1137	AG. VOLTA DO GUERINO	379
1132	1138	AG. SCHARLAU	379
1133	1139	AG. ARROIO DO MEIO	379
1134	1140	AG. CRUZEIRENSE	379
1135	1141	AG. ROCA SALES	379
1136	1142	AG. UNISINOS	379
1137	1143	AG. BUTIA	379
1138	1144	AG. FELIZ	379
1139	1145	AG. IVOTI	379
1140	1146	AG. PORTÃO DO SUL	379
1141	1147	AG. ROLANTE	379
1142	1148	AG. DOM PEDRO II	379
1143	1149	AG. IGREJINHA	379
1144	1150	AG. CARLOS BARBOSA	379
1145	1151	AG. CORONEL VICENTE	379
1146	1152	AG. CAPÃO DA CANOA	379
1147	1153	AG. MONTE BELO	379
1148	1154	AG. CANUDOS	379
1149	1155	AG. BAIRRO CIDADE ALTA	379
1150	1156	AG. VINTE DE SETEMBRO	379
1151	1157	AG. NOSSA SRA. DE LOURDES	379
1152	1158	AG. PÁTRIA NOVA	379
1153	1159	AG. IGARA	379
1154	1160	AG. CANOAS SHOPPING	379
1155	1161	AG. TRIUNFO	379
1156	1162	AG. ELDORADO DO SUL	379
1157	1163	AG. JARDIM PLANALTO	379
1158	1164	AG. AVENIDA JOÃO CORREA	379
1159	1165	AG. FERRABRAZ	379
1160	1166	AG. PARQUE DOS ANJOS	379
1161	1167	AG. VALE DO SOL	379
1162	1168	AG. MATHIAS VELHO	379
1163	1169	AG. SERTÓRIO	379
1164	1170	AG. SANTOS FERREIRA	379
1165	1171	AG. VILA SANTA ISABEL	379
1166	1172	AG. METROPOLITANA	379
1167	1173	AG. PADRE REUS	379
1168	1174	AG. BOM PRINCÍPIO	379
1169	1175	AG. PERIMETRAL SUL	379
1170	1176	AG. BOM JESUS DA SERRA	379
1171	1177	AG. NOVA SAPUCAIA	379
1172	1178	AG. OSVALDO ARANHA	379
1173	1179	AG. FLORESTAL	379
1174	1180	AG. CHARQUEADAS	379
1175	1181	AG. JARDIM DO SHOPPING	379
1176	1182	AG. NOVA SANTA RITA	379
1177	1183	AG. PERIMETRAL NORTE	379
1178	1184	AG. TEUTÔNIA	379
1179	1185	PA PM TEUTÔNIA	379
1180	1186	PAB JF NOVO HAMBURGO	379
1181	1187	PAB JT BENTO GONÇALVES	379
1182	1188	AG. IMIGRANTE	379
1183	1189	AG. AV FREDERICO LINCK	379
1184	1190	AG. BAIRRO PIO X	379
1185	1191	PAB JF CAXIAS DO SUL	379
1186	1192	AG. MOSTARDAS	379
1187	1193	AG. RINCÃO	379
1188	1194	AG. BAIRRO RIO BRANCO	379
1189	1195	AG. MARECHAL FLORIANO	379
1190	1196	AG. PALMARES DO SUL	379
1191	1197	AG. CAMINHOS DE CRAVAGGIO	379
1192	1198	AG. BAIRRO SANTA CATARINA	379
1193	1199	AG. ARROIO DOS RATOS	379
1194	1200	AG. IMBÉ	379
1195	1201	AG. BAIRRO LIBERDADE	379
1196	1202	AG. NOVA HARTZ	379
1197	1203	REJUR/NH	379
1198	1204	AG. EMPRESARIAL CAXIAS DO SUL	379
1199	1205	REJUR/CX	379
1200	1206	AGRO LAJEADO	379
1201	1207	AG. ABERTA DOS MORROS	379
1202	1208	AG. AÇORIANOS	379
1203	1209	AG. AV. OTTO NIEMEYER	379
1204	1210	AG. AZENHA	379
1205	1211	AG. BAIRRO RESTINGA	379
1206	1212	AG. BOM FIM	379
1207	1213	AG. BOURBON IPIRANGA	379
1208	1214	AG. CAVALHADA	379
1209	1215	AG. CRISTAL	379
1210	1216	AG. ERICO VERÍSSIMO	379
1211	1217	AG. GUIA LOPES	379
1212	1218	AG. INDEPENDÊNCIA	379
1213	1219	AG. INTERCAP	379
1214	1220	AG. JOSÉ DO PATROCÍNIO	379
1215	1221	AG. JUCA BATISTA	379
1216	1222	AG. LOMBA DO PINHEIRO	379
1217	1223	AG. LUIS DE CAMÕES	379
1218	1224	AG. LUPICÍNIO RODRIGUES	379
1219	1225	AG. MENINO DEUS	379
1220	1226	AG. MONTE CRISTO	379
1221	1227	AG. OTÁVIO ROCHA	379
1222	1228	AG. PARCÃO	379
1223	1229	AG. PARTENON	379
1224	1230	AG. AV. PROF. OSCAR PEREIRA	379
1225	1231	AG. SHOPPING JOÃO PESSOA	379
1226	1232	AG. PRAÇA DO PORTÃO	379
1227	1233	AG. PRAÇA RUI BARBOSA	379
1228	1234	ED. ODOMO - GILIE	379
1229	1235	AG. PRAIA DE BELAS	379
1230	1236	AG. RUA DA PRAIA	379
1231	1237	AG. SETE DE SETEMBRO	379
1232	1238	AG. SHOPPING TOTAL	379
1233	1239	AG. TRISTEZA	379
1234	1240	AG. VICENTE DA FONTOURA	379
1235	1241	PA DPF/RS	379
1236	1242	PA TRF 4ª REGIÃO	379
1237	1243	PA JUSTIÇA FEDERAL PORTO ALEGRE	379
1238	1244	PA JT DE POA	379
1239	1245	PA TRT 4ª REGIÃO	379
1240	1246	PA SMF	379
1241	1247	SNC GALERIA CHAVES	379
1242	1248	QUIOSQUE SANTA CASA	379
1243	1249	AG. AREAL	379
1244	1250	AG. ARROIO GRANDE	379
1245	1251	AG. BAGÉ	379
1246	1252	PAB JT BAGÉ	379
1247	1253	AG. CAMAQUÃ	379
1248	1254	AG. CANGUÇU	379
1249	1255	AG. CASSINO	379
1250	1256	SNC CASSINO	379
1251	1257	AG. CIDADE NOVA	379
1252	1258	AG. DOM PEDRITO	379
1253	1259	AG. FRAGATA	379
1254	1260	REGOV/PL	379
1255	1261	REHAB/PL	379
1256	1262	AG. JAGUARÃO	379
1257	1263	AG. NOIVA DO MAR	379
1258	1264	PAB JT RIO GRANDE	379
1259	1265	AG. NOSSA SENHORA DA LUZ	379
1260	1266	AG. PELOTAS	379
1261	1267	RETRI/PL	379
1262	1268	AG. PRINCESA DO SUL	379
1263	1269	AG. RAINHA DA FRONTEIRA	379
1264	1270	PA PM BAGÉ	379
1265	1271	PAB JF BAGÉ	379
1266	1272	AG. RIO GRANDE	379
1267	1273	SNC RIO GRANDE	379
1268	1274	AG. SANTA VITÓRIA DO PALMAR	379
1269	1275	AG. SÃO JOSÉ DO NORTE	379
1270	1276	AG. SÃO LOURENÇO DO SUL	379
1271	1277	AG. SERTÃO SANTANA	379
1272	1278	AG. SIMÕES LOPES	379
1273	1279	PA GOVERNO EXTREMO SUL	379
1274	1280	AG. TAPES	379
1275	1281	AG. TRÊS VENDAS	379
1276	1282	PA FURG	379
1277	1283	PAB IFSUL/RS	379
1278	1284	PAB JF PELOTAS	379
1279	1285	PAB JF RIO GRANDE	379
1280	1286	PAB JT PELOTAS	379
1281	1287	AGRO PELOTAS	379
1282	1288	AG. ALEGRETE	379
1283	1289	AG. CACHOEIRA DO SUL	379
1284	1290	AG. CARAZINHO	379
1285	1291	SNC CARAZINHO	379
1286	1292	AG. CERRO LARGO	379
1287	1293	AG. CRUZ ALTA	379
1288	1294	SNC CRUZ ALTA	379
1289	1295	PAB JF CRUZ ALTA	379
1290	1296	PAB JT CRUZ ALTA	379
1291	1297	AG. ERECHIM	379
1292	1298	PAB JT ERECHIM	379
1293	1299	PAB JF ERECHIM	379
1294	1300	AG. FREDERICO WESTPHALEN	379
1295	1301	AG. GETÚLIO VARGAS	379
1296	1302	AG. GIRUÁ	379
1297	1303	AG. HORIZONTINA	379
1298	1304	AG. IBIRUBÁ	379
1299	1305	AG. IJUÍ	379
1300	1306	AG. ITAQUI	379
1301	1307	AG. JAGUARI	379
1302	1308	AG. JÚLIO DE CASTILHOS	379
1303	1309	AG. LAGOA VERMELHA	379
1304	1310	AG. PALMEIRA DAS MISSÕES	379
1305	1311	AG. PANAMBI	379
1306	1312	AG. PASSO FUNDO	379
1307	1313	GIGOV/PF	379
1308	1314	SR NORTE GAÚCHO	379
1309	1315	AG. DIGITAL NORTE GAÚCHO	379
1310	1316	AG EMPRESARIAL NORTE GAUCHO	379
1311	1317	PA GOVERNO NORTE GAÚCHO	379
1312	1318	SEG NORTE GAUCHO, RS	379
1313	1319	SEH NORTE GAUCHO, RS	379
1314	1320	REJUR - PASSO FUNDO	379
1315	1321	HABITACAO PASSO FUNDO	379
1316	1322	REOPE/PF	379
1317	1323	PAB JT PASSO FUNDO	379
1318	1324	PAB PM PASSO FUNDO	379
1319	1325	AG. QUARAÍ	379
1320	1326	AG. RIO PARDO	379
1321	1327	AG. ROSÁRIO DO SUL	379
1322	1328	AG. SANTA CRUZ DO SUL	379
1323	1329	PAB JT SANTA CRUZ	379
1324	1330	QUIOSQUE UNISC	379
1325	1331	AG. SANTA MARIA	379
1326	1332	SR CENTRO GAÚCHO/SEG/SEH/PA GOVERNO	379
1327	1333	SEV SANTA MARIA	379
1328	1334	GIGOV/SM	379
1329	1335	CICOC/SM (CICOB/SM)	379
1330	1336	REHAB/SM	379
1331	1337	AG. SANTA ROSA	379
1332	1338	PAB JT SANTA ROSA	379
1333	1339	AG. SANTIAGO	379
1334	1340	AG. SANTO ÂNGELO	379
1335	1341	REJUR SANTO ÂNGELO	379
1336	1342	AG. LIVRAMENTO	379
1337	1343	AG. SÃO BORJA	379
1338	1344	AG. SÃO GABRIEL	379
1339	1345	AG. SÃO LUIZ GONZAGA	379
1340	1346	AG. SARANDI	379
1341	1347	AG. SOLEDADE	379
1342	1348	AG. TRÊS PASSOS	379
1343	1349	AG. TRÊS DE MAIO	379
1344	1350	AG. TUPANCIRETÃ	379
1345	1351	AG. URUGUAIANA	379
1346	1352	PAB JT URUGUAIANA	379
1347	1353	PAB PM URUGUAIANA	379
1348	1354	AG. CAMOBI	379
1349	1355	AG. NÃO-ME-TOQUE	379
1350	1356	AG. CAÇAPAVA DO SUL	379
1351	1357	AG. SANTO AUGUSTO	379
1352	1358	AG. MARAU	379
1353	1359	AG. ESPUMOSO	379
1354	1360	AG. SÃO SEPÉ	379
1355	1361	AG. VERA CRUZ	379
1356	1362	AG. CANDELÁRIA	379
1357	1363	AG. JACUHY	379
1358	1364	AG. RESTINGA SECA	379
1359	1365	AG. AGUDO	379
1360	1366	AG. SÃO PEDRO DO SUL	379
1361	1367	AG. UFSM	379
1362	1368	AG. PRAÇA MARECHAL FLORIANO	379
1363	1369	AG. YMEMBUÍ	379
1364	1370	REJUR/SM	379
1365	1371	AG EMPRESARIAL CENTRO E SUL GAUCHO	379
1366	1372	DIGITAL CENTRO GAUCHO, RS	379
1367	1373	PAB JF DE SANTA MARIA	379
1368	1374	AG. ARVOREZINHA	379
1369	1375	AG. CAMPINAS DO SUL	379
1370	1376	AG. VIADUTOS	379
1371	1377	AG. SANTO CRISTO	379
1372	1378	AG. CONSTANTINA	379
1373	1379	AG. CRISSIUMAL	379
1374	1380	AG. SANANDUVA	379
1375	1381	AG. TAPEJARA	379
1376	1382	AG. FAXINAL DO SOTURNO	379
1377	1383	AG. MARECHAL MALLET	379
1378	1384	AG. ENCRUZILHADA DO SUL	379
1379	1385	PAB TRT SANTO ANGELO	379
1380	1386	PAB JF SANTO ANGELO	379
1381	1387	AG. PLANALTO GAÚCHO	379
1382	1388	AG. ALTO URUGUAI	379
1383	1389	AG. 25 DE JULHO	379
1384	1390	AG. COLMÉIA DO TRABALHO	379
1385	1391	AG. BAIRRO BOQUEIRÃO	379
1386	1392	AG. BAIRRO TRÊS VENDAS	379
1387	1393	AG. PRAÇA INDEPENDÊNCIA	379
1388	1394	PAB JF SANTA ROSA	379
1389	1395	PAB JF PASSO FUNDO	379
1390	1396	AG. BOCA DO MONTE	379
1391	1397	AG. SÃO FRANCISCO DE ASSIS	379
1392	1398	AG. CORAÇÃO DO RIO GRANDE	379
1393	1399	PAB JT SANTA MARIA	379
1394	1400	AG. TAPERA	379
1395	1401	AG. MOROTIN	379
1396	1402	AG. TENENTE PORTELA	379
1397	1403	AG. SALTO DO JACUI	379
1398	1404	PA AGRO URUGUAIANA	379
1399	1405	PA AGRO PASSO FUNDO	379
1400	1406	PA AGRO NÃO-ME-TOQUE	379
1401	1407	AGRO CAMAQUA	379
1402	1408	AGRO SANTIAGO	379
1403	1409	AGRO SANTA ROSA	379
1404	1410	AGRO BAGÉ	379
1405	1411	AGRO IJUÍ	379
1406	1413	LUIS FERNANDO	379
1407	1414	AECIO PLACIDO	379
1408	1415	SCHEILA	379
1409	1416	CAUÃ MARCOS	379
1410	1417	IVONILDO	379
1411	1418	THAYNARA	379
1412	1419	IGOR	379
1413	1420	JULIANO	379
1414	1421	ESCRITORIO - SUPERVISORES	379
1415	1423	AG. BB MUQUICABA	692
1416	1424	AG. VIANA	692
1417	1425	AG. DOMINGOS MARTINS	692
1418	1426	AG. ITAPEMIRIM	692
1419	1427	AG. CACHOEIRO DE ITAPEMIRIM	692
1420	1429	PROJETO	721
1421	1430	PROJETO	665
1422	1431	FILIAL	200
1423	1432	FILIAL	736
1424	1433	PROJETO	494
1425	1434	FILIAL COLOMBO	750
1426	1435	FILIAL	682
1427	1436	UCC BH	648
1428	1437	AG. VENDA NOVA IMIGRANTE	692
1429	1438	AG. AFONSO CLAUDIO	692
1430	1439	AG. SANTA LEOPOLDINA	692
1431	1440	FLORIANOPOLIS	687
1432	1441	GASPAR	687
1433	1442	JOINVILLE	687
1434	1443	ITAPECERICA	773
1435	1444	PROJETO	816
1436	1445	ARQUIVO RHSC	530
1437	1446	PROJETO	860
1438	1447	SENADO-10	695
1439	1448	PROJETO	668
1440	1449	PROJETO	626
1441	1450	AG SÃO ROQUE DO CANAÃ	855
1442	1451	AG JARDIM CAMBURI	855
1443	1452	AG. ALEGRE	692
1444	1453	AG 3680 - JOÃO NEIVA	855
1445	1454	LAGES	705
1446	1455	TUBARÃO	705
1447	1456	AG. IBITIBA	692
1448	1457	AG. CONCEIÇÃO DO CASTELO	692
1449	1458	AG. MUQUICABA	692
1450	1459	AG. SANTA MARIA DE JETIBÁ	692
1451	1460	AG. PRAÇA PIO XII	692
1452	1461	AG. NOVO IMIGRANTE	692
1453	1462	AG. CASTELO (0785)	692
1454	1463	AG. PRESIDENTE KENNEDY	692
1455	1464	AG JARDIM DA PENHA	855
1456	1465	AG ESTILO VITORIA 4726	855
1457	1466	AG SANTA TERESA	855
1458	1467	PROJETO	620
1459	1468	PROJETO	674
1460	1469	FILIAL	9550
1461	1470	AG. VARGEM ALTA	692
1462	1471	AG CARIACICA	855
1463	1472	AG. SÃO MATEUS	692
1464	1473	MANCHESTER	736
1465	1474	UBERLANDIA	736
1466	1475	POÇOS DE CALDAS	736
1467	1476	OSCAR VIDAL	736
1468	1477	MONTES CLAROS	736
1469	1478	MUTUM	648
1470	1479	MIRADOURO FÓRUM	773
1471	1480	PROJETO	633
1472	1481	VOLANTE	736
1473	1482	DIVINOPOLIS	736
1474	1483	VARGINHA	736
1475	1484	UBERABA	736
1476	1485	ARAXA	736
1477	1486	MURIAE	736
1478	1487	PROJETO	498
1479	1488	TUBARÃO	687
1480	1489	ITUIUTABA	736
1481	1490	ITAÚNA	736
1482	1491	GOVERNADOR VALADARES	736
1483	1492	ITAJUBÁ	736
1484	1493	SAO JOAO DEL REI	736
1485	1494	PROJETO	671
1486	1495	PASSOS	736
1487	1496	POUSO ALEGRE	736
1488	1497	MARIANO PROCOPIO	736
1489	1498	PARÁ DE MINAS	736
1490	1499	SÃO BENEDITO	736
1491	1500	MIR SRA	358
1492	1501	TRIANGULO MINEIRO	736
1493	1502	COND CORPORATE BANKING	692
1494	1503	AG ITARANA	855
1495	1504	AG 2451 PINHEIROS	855
1496	1505	RIO PARANAIBA	648
1497	1506	SANTO AGOSTINHO ASSESSORIA DE COMUNICAÇÃO INTEGRADA	648
1498	1507	GUARANÉSIA	648
1499	1508	PROJETO	868
1500	1509	HALFELD	736
1501	1510	NOVA SERRANA	736
1502	1511	PATOS DE MINAS	736
1503	1512	MARTINS	736
1504	1513	BARBACENA	736
1505	1514	EQUIPE VOLANTE	379
1506	1515	PROJETO	777
1507	1516	PROJETO	742
1508	1517	PROJETO	835
1509	1518	SENADO-11	706
1510	1519	SENADO-8	589
1511	1520	SENADO-14	843
1512	1521	SENADO-9	693
1513	1522	SENADO-12	756
1514	1523	SENADO-13	811
1515	1524	SENADO-15	846
1516	1525	SERGIO PACHECO	736
1517	1526	TRES CORAÇÕES	736
1518	1527	NANUQUE	736
1519	1528	LAVRAS	736
1520	1529	VIÇOSA	736
1521	1530	EQUIPE VOLANTE	812
1522	1531	PROJETO	852
1523	1532	CENTRO	650
1524	1533	NORTE	650
1525	1534	DUQUE DE CAXIAS	650
1526	1535	LEONEL	379
1527	1536	PROJETO	739
1528	1537	AG. SANTANA DO LIVRAMENTO	379
1529	1538	EQUIPE VOLANTE	377
1530	1539	BOA ESPERANÇA	736
1531	1540	FORMIGA	736
1532	1541	ALFENAS	736
1533	1542	TEOFILO OTONI	736
1534	1543	TRIANGULO	736
1535	1544	FIDELIS REIS	736
1536	1545	MANOEL HONORIO	736
1537	1546	IPATINGA	736
1538	1547	JUIZ DE FORA	736
1539	1548	PATROCINIO	736
1540	1549	PRINCESA	736
1541	1550	CARMO DO PARANAIBA	736
1542	1551	CAPITAL DO MILHO	736
1543	1552	NEPOMUCENO	736
1544	1553	SAO LOURENÇO	736
1545	1554	OURO FINO	736
1546	1555	CAMPINA VERDE	736
1547	1556	SANTOS DUMONT	736
1548	1557	CAMBUQUIRA	736
1549	1558	BOM DESPACHO	736
1550	1559	SACRAMENTO	736
1551	1560	SAO GOTARDO	736
1552	1561	BICAS	773
1553	1562	ATENDIMENTO DE CHAMADOS	692
1554	1563	AG LINHARES	855
1555	1564	PROJETO	608
1556	1565	LAGES	687
1557	1566	AG. GLÓRIA	692
1558	1567	PROJETO	680
1559	1568	FILIAL	573
1560	1569	PROJETO	681
1561	1570	NGI PALMAS (ESEC MATA PRETA, REVIS CAMPOS DE PALMAS E PARNA ARAUCÁRIAS)	813
1562	1571	IBIA	736
1563	1572	ARAGUARI	736
1564	1573	CANDIDES	736
1565	1574	UBA	736
1566	1575	INSTITUTO MEDICO LEGAL	624
1567	1576	ANDRADAS	736
1568	1577	CONCEIÇAO DO RIO VERDE	736
1569	1578	FUNARTE SP	608
1570	1579	CAMPO BELO DO SUL	687
1571	1580	ANITA GARIBALDI	687
1572	1581	CRICIÚMA	687
1573	1582	LAGUNA	687
1574	1583	OTACILIO COSTA	687
1575	1584	BOM RETIRO	687
1576	1585	URUBICI	687
1577	1586	SAO JOAQUIM	687
1578	1587	IÇARA	687
1579	1588	URUSSANGA	687
1580	1589	LAURO MULLER	687
1581	1590	IMARUI	687
1582	1591	ARARANGUA	687
1583	1592	TURVO	687
1584	1593	FORQUILHINHA	687
1585	1594	CARATINGA	736
1586	1595	CONCEICAO DO ALAGOAS	736
1587	1596	MANHUAÇU	736
1588	1597	CONCEICAO DO MATO DENTRO	736
1589	1598	ABAETE	736
1590	1599	MARTINHO CAMPOS	736
1591	1600	CAMPOS GERAIS	736
1592	1601	ALPINOPOLIS	736
1593	1602	BOM SUCESSO	736
1594	1603	SAO SEBASTIAO DO PARAISO	736
1595	1604	MELO VIANA	736
1596	1605	CIRCUITO DAS AGUAS	736
1597	1606	CAMPOS ALTOS	736
1598	1607	CAPINOPOLIS	736
1599	1608	NORDESTE DE MINAS	736
1600	1609	ESCOLA SUPERIOR DE POLICIA CIVIL	644
1601	1611	CGPM	651
1602	1612	INSTITUTO DE IDENTIFICAÇÃO DO PARANA	653
1603	1613	COGER	657
1604	1614	COPOM	659
1605	1615	AG SÃO GABRIEL DA PALHA	855
1606	1616	AG COLATINA	855
1607	1617	BRAÇO DO NORTE	687
1608	1618	ARMAZEM TJ	687
1609	1619	JAGUARUNA	687
1610	1620	CAPIVARI DE BAIXO	687
1611	1621	IMBITUBA	687
1612	1622	MELEIRO	687
1613	1623	SANTA ROSA DO SUL	687
1614	1624	SOMBRIO	687
1615	1625	PERDÕES	736
1616	1626	CURITIBANOS	687
1617	1627	SANTA CECILIA	687
1618	1628	CORREIA PINTO	687
1619	1629	PARACATU	736
1620	1630	BOCAIUVA	736
1621	1631	MONTE SANTO DE MINAS	736
1622	1632	SERRO	736
1623	1633	CAPELINHA	736
1624	1634	AG SERRA	855
1625	1635	PAPAGAIOS	736
1626	1636	CAMPANHA	736
1627	1637	CARMOPOLIS DE MINAS	736
1628	1638	IBIRITE	736
1629	1639	AG PRAIA DO CANTO	855
1630	1640	EQUIPE MOVEL SERRA	379
1631	1641	NEVES TJ	610
1632	1642	ALMOXARIFADO CENTRAL	999915
1633	1643	PROJETO	630
1634	1644	VOLANTE	882
1635	1645	PROJETO	877
1636	1646	BAEPENDI	736
1637	1647	CAMPO BELO	736
1638	1648	PASSA QUATRO	736
1639	1649	VIRGINIA	736
1640	1650	LEOPOLDINA	736
1641	1651	MONTE ALEGRE DE MINAS	736
1642	1652	GUAXUPE	736
1643	1653	TIMOTEO	736
1644	1654	MINAS TENIS	736
1645	1655	PARAISOPOLIS	736
1646	1656	MEDINA	736
1647	1657	AVENIDA GUILHERME FERREIRA	736
1648	1658	SUL DAS GERAES	736
1649	1659	SHOPPING MONTES CLAROS	736
1650	1660	PONTAL DO CERRADO	736
1651	1661	TAIOBEIRAS	736
1652	1662	TOCANTINENSE	736
1653	1663	GUARANESIA	736
1654	1664	ITATIAUÇU	736
1655	1665	BAIRRO FOCH	736
1656	1666	SRTE FLORIANOPOLIS	882
1657	1667	ARTE BLUMENAU	882
1658	1668	GRTE JOINVILLE	882
1659	1669	GRTE LAGES	882
1660	1670	GRTE ITAJAI	882
1661	1671	GRTE CRICIUMA	882
1662	1672	GRTE CHAPECO	882
1663	1673	AG. CHAPECO	878
1664	1674	AG. CONCORDIA	878
1665	1675	AG. JOACABA	878
1666	1676	AG. XANXERE	878
1667	1677	AG. DIONISIO CERQUEIRA	878
1668	1678	AG. MONDAI	878
1669	1679	PROJETO	884
1670	1680	PFN/SC	882
1671	1681	SPU/SC	882
1672	1682	SRA/SC	882
1673	1683	CGU-R/SC	882
1674	1684	PSFN CHAPECÓ	882
1675	1685	PSFN CRICIÚMA	882
1676	1686	PSFN JOAÇABA	882
1677	1687	SANF/SC	882
1678	1688	AG. CUNHA PORÃ	878
1679	1689	AG. SÃO CARLOS	878
1680	1690	AG SAO MATEUS	855
1681	1691	PROJETO	890
1682	1692	UNIFORMES TJ GO	835
1683	1693	CAMANDUCAIA	648
1684	1694	AG. CAPINZAL	878
1685	1695	PROJETO	891
1686	1696	DEPÓSITO JARDIM ATLÂNTICO - FLORIANÓPOLIS	8
1687	1697	PROJETO	836
1688	1698	PROJETO	869
1689	1699	AG. HERVAL D OESTE	878
1690	1700	VIRGILIO GALASSI	736
1691	1701	EMPRESARIAL SUDOESTE DE MINAS	736
1692	1825	PROJETO	870
1693	1826	PROJETO	856
1694	1827	PROJETO	898
1695	1829	AGUAS FORMOSAS FORUM	889
1696	1830	CORINTO FORUM/CEJUSC	889
1697	1831	CURVELO FORUM/JESP	889
1698	1832	FRANCISCO SA FORUM	889
1699	1833	GRAO MOGOL FORUM	889
1700	1834	SAO FRANCISCO FORUM	889
1701	1835	SAO ROMAO FORUM	889
1702	1836	VIRGINOPOLIS FORUM/CEJUSC	889
1703	1837	ARACUAI FORUM	889
1704	1838	ARACUAI FORUM/CEJUSC DIGITAL (PADRE PARAISO)	889
1705	1839	BRASILIA DE MINAS FORUM	889
1706	1840	BUENOPOLIS FORUM	889
1707	1841	CAPELINHA FORUM	889
1708	1842	CONCEICAO DO MATO DENTRO FORUM	889
1709	1843	CONSELHEIRO PENA FORUM	889
1710	1844	DIAMANTINA FORUM	889
1711	1845	ESPINOSA FORUM	889
1712	1846	GALILEIA FORUM	889
1713	1847	ITAMBACURI FORUM	889
1714	1848	JACINTO FORUM	889
1715	1849	JANUARIA FORUM	889
1716	1850	MALACACHETA FORUM	889
1717	1851	MANGA FORUM	889
1718	1852	MANTENA FORUM	889
1719	1853	MINAS NOVAS FORUM	889
1720	1854	MONTALVANIA FORUM	889
1721	1855	MONTE AZUL FORUM	889
1722	1856	MONTES CLAROS FORUM/CEJUSC	889
1723	1857	MONTES CLAROS JESP/POLO GERSAT	889
1724	1858	SABINOPOLIS FORUM	889
1725	1859	SALINAS FORUM	889
1726	1860	SALINAS JESP/CEJUSC	889
1727	1861	SAO JOAO DO PARAISO FORUM	889
1728	1862	SERRO FORUM	899
1729	1863	TAIOBEIRAS FORUM/CEJUSC	889
1730	1864	TEOFILO OTONI FORUM	889
1731	1865	JANAUBA FORUM/JESP/ARQUIVO	889
1732	1866	SAO JOAO DA PONTE FORUM	889
1733	1867	AIMORES FORUM	889
1734	1868	ALMENARA JESP/ARQUIVO	889
1735	1869	ALMENARA FORUM	889
1736	1870	BOCAIUVA FORUM	889
1737	1871	CARLOS CHAGAS FORUM	889
1738	1872	CORACAO DE JESUS FORUM/CEJUSC/GERSAT	889
1739	1873	GOVERNADOR VALADARES JESP	889
1740	1874	GOVERNADOR VALADARES ARQUIVO	889
1741	1875	GOVERNADOR VALADARES FORUM	889
1742	1876	GUANHAES FORUM	889
1743	1877	ITAMARANDIBA FORUM	889
1744	1878	JAIBA FORUM	889
1745	1879	JEQUITINHONHA FORUM	889
1746	1880	MEDINA FORUM	889
1747	1881	NANUQUE FORUM	889
1748	1882	NOVO CRUZEIRO FORUM/JESP/DEPOSITO	889
1749	1883	PECANHA FORUM	889
1750	1884	PEDRA AZUL FORUM	889
1751	1885	PIRAPORA FORUM	889
1752	1886	PORTEIRINHA FORUM	889
1753	1887	RESPLENDOR FORUM	889
1754	1888	RIO PARDO DE MINAS FORUM	889
1755	1889	RIO VERMELHO FORUM	889
1756	1890	SANTA MARIA DO SUACUI FORUM	889
1757	1891	SAO JOAO EVANGELISTA FORUM	889
1758	1892	SAO JOAO EVANGELISTA FORUM/CEJUSC DIGITAL (COLUNA)	889
1759	1893	TURMALINA FORUM	889
1760	1894	VARZEA DA PALMA FORUM	889
1761	1895	ARAXA FORUM/JESP	888
1762	1896	ARCOS FORUM	888
1763	1897	BONFINOPOLIS DE MINAS FORUM	888
1764	1898	BURITIS FORUM	888
1765	1899	CONCEICAO DAS ALAGOAS FORUM	888
1766	1900	DORES DO INDAIA FORUM	888
1767	1901	ESTRELA DO SUL FORUM	888
1768	1902	FORMIGA FORUM	888
1769	1903	FRUTAL FORUM	888
1770	1904	FRUTAL FORUM/CEJUSC DIGITAL (FRONTEIRAS)	888
1771	1905	IGUATAMA FORUM	888
1772	1906	PARACATU FORUM	888
1773	1907	PATOS DE MINAS FORUM	888
1774	1908	PATROCINIO FORUM	888
1775	1909	PITANGUI FORUM	888
1776	1910	PITANGUI FORUM/CEJUSC DIGITAL (PAPAGAIOS)	888
1777	1911	POMPEU FORUM	888
1778	1912	PRESIDENTE OLEGARIO FORUM	888
1779	1913	PRESIDENTE OLEGARIO FORUM/CEJUSC DIGITAL (LAGOA GRANDE)	888
1780	1914	SAO GOTARDO FORUM/JESP/CEJUSC	888
1781	1915	TUPACIGUARA FORUM	888
1782	1916	ABAETE FORUM	888
1783	1917	ARAGUARI FORUM	888
1784	1918	ARINOS FORUM	888
1785	1919	BAMBUI FORUM/CEJUSC	888
1786	1920	BOM DESPACHO FORUM	888
1787	1921	CAMPINA VERDE FORUM	888
1788	1922	CAMPOS ALTOS FORUM	888
1789	1923	CARMO DO PARANAIBA FORUM	888
1790	1924	ITURAMA FORUM/CEJUSC	888
1791	1925	JOAO PINHEIRO FORUM	888
1792	1926	LAGOA DA PRATA FORUM/JESP	888
1793	1927	LUZ FORUM	888
1794	1928	MONTE CARMELO FORUM	888
1795	1929	MORADA NOVA DE MINAS FORUM	888
1796	1930	PERDIZES FORUM	888
1797	1931	PRATA FORUM	888
1798	1932	RIO PARANAIBA FORUM	888
1799	1933	SACRAMENTO FORUM	888
1800	1934	SAO ROQUE DE MINAS FORUM	888
1801	1935	TIROS FORUM	888
1802	1936	TRES MARIAS FORUM	888
1803	1937	UBERABA FORUM	888
1804	1938	UBERLANDIA FORUM	888
1805	1939	VAZANTE FORUM	888
1806	1940	CAPINOPOLIS FORUM	888
1807	1941	ITUIUTABA FORUM/JESP/CEJUSC	888
1808	1942	NOVA PONTE FORUM	888
1809	1943	SANTA VITORIA FORUM	888
1810	1944	UNAI FORUM	888
1811	1945	CANAPOLIS FORUM	888
1812	1946	CONQUISTA FORUM	888
1813	1947	COROMANDEL FORUM/CEJUSC	888
1814	1948	IBIA FORUM	888
1815	1949	ITAPAGIPE FORUM	888
1816	1950	MARTINHO CAMPOS FORUM	888
1817	1951	MONTE ALEGRE DE MINAS FORUM	888
1818	1952	SERRO FORUM	889
1819	1953	ESCR.MPE CHAPECO	878
1820	1954	AG. MORRO DA FUMAÇA	878
1821	1955	SAO MIGUEL DO OESTE	797
1822	1956	AG. ITAPIRANGA	878
1823	1957	AG. CAMPO ERE	878
1824	1958	AG. IPUMIRIM	878
1825	1959	JOAO PINHEIRO	736
1826	1960	ITURAMA	736
1827	1961	PROJETO	905
1828	1962	PROJETO	841
1829	1963	AG. CAMPOS NOVOS	878
1830	1964	EMPR.OESTE CATARIN	878
1831	1965	COPA 1	8
1832	1966	UNIFORMES SC	8
1833	1967	CONTROLADORIA	8
1834	1968	DEPARTAMENTO PESSOAL	8
1835	1969	STI	8
1836	1970	BARRO PRETO - BH	648
1837	1971	AG. PALMA SOLA	878
1838	1972	AG. CAXAMBU DO SUL	878
1839	1973	AG. CARLOS GOMES	379
1840	1974	PIRANGA	648
1841	1975	JURIDICO	8
1842	1976	EQUIPE VOLANTE	917
1843	1977	AG BLUMENAU	917
1844	1978	AG FLORIANOPOLIS	917
1845	1979	AG ARARANGUA	917
1846	1980	AG BALNEARIO CAMBORIU	917
1847	1981	AG CAÇADOR	917
1848	1982	AG CHAPECO	917
1849	1983	AG CRICIUMA	917
1850	1984	AG JOINVILLE	917
1851	1985	AG LAGES	917
1852	1986	AG TUBARAO	917
1853	1987	AG ITAPEMA	917
1854	1988	AG CONCORDIA	917
1855	1989	SUREG OUTROS ESTADOS (FLORIANOPOLIS)	917
1856	1990	AG GAROPABA	917
1857	1991	AG JOAÇABA	917
1858	1992	AG KOBRASOL	917
1859	1993	AG PALHOÇA	917
1860	1994	AG VIDEIRA	917
1861	1995	CONQUISTA	736
1862	1996	MORRO DA FUMAÇA	878
1863	1997	IPUMIRIM	878
1864	1998	NOVA PRATA	379
1865	1999	JUATUBA	736
1866	2000	ICMBIO CHAPECO	813
1867	2001	IPORA DO OESTE	878
1868	2002	EM TRÂNSITO	999915
1869	2003	PARA DE MINAS - FORUM	610
1870	2004	SECRETARIA DAS PROMOTORIAS	648
1871	2005	PITANGUI	736
1872	2006	ITAUNA	736
1873	2007	MATIPO	736
1874	2008	RIO CASCA	736
1875	2009	TRES PONTAS	736
1876	2010	GUANHAES	736
1877	2011	IBIÁ	736
1878	2012	AG SINGULAR	200
1879	2013	UFMT SINOP	920
1880	2014	BONFIM	648
1881	2015	CALL CENTER	104
1882	2016	DEPÓSITO FILIAL	199
1883	2017	MINAS NOVAS	889
1884	2018	ESTOQUE FILIAL RJ	195
1885	2019	ESPINOSA	736
1886	2020	FINANCEIRO	8
1887	2021	PEÇANHA	648
1888	2022	COROMANDEL	736
1889	2023	ITAPAGIPE	736
1890	2024	INHAPIM	736
1891	2025	RIO PARANAIBA	736
1892	2026	MONTE CARMELO	736
1893	2027	POMPEU	736
1894	2028	PROJETO	809
1895	2029	NOVO ESCRITÓRIO	197
1896	2030	COPA 2	8
1897	2031	COMPRAS	8
1898	2032	SALA BOSCO	8
1899	2033	SALA DE REUNIÃO	8
1900	2034	SALA DILSON	8
1901	2035	ARQUIVO	8
1902	2036	DORES DO INDAIA	736
1903	2037	PONTO TJ RAJA GABALIA	633
1904	2038	ALMOXARIFADO ANDRE	8
1905	2039	SALA ZELADOR	8
1906	2040	BOM SUCESSO	648
1907	2041	RECEPÇÃO	8
1908	2042	CONTABILIDADE	8
1909	2043	PRADOS	648
1910	2044	FUNARTE RJ	608
1911	2045	TUPARENDI	377
1912	2046	FILIAL	934
1913	2047	ARCOS	736
1914	2048	PROJETO	684
1915	2049	FATURAMENTO	8
1916	2050	CONTA VINCULADA	8
1917	2051	JURÍDICO	8
1918	2052	GESTÃO FORMAL	8
1919	2053	COMERCIAL	8
1920	2054	CRUZ ALTA	379
1921	2055	HORIZONTINA	379
1922	2056	ARQUIVO	999914
1923	131	CAMBIRELA	487
1924	5011	PR FPOLIS	501
1925	6321	FLORIANOPOLIS SC 401 SACO GRANDE	632
1926	6131	FLORIANOPOLIS RUA VICTOR MEIRELLES, 198 CENTRO	613
1927	6322	FLORIANÓPOLIS RUA DELFINO LONTI, 306 UFSC TRINDADE	632
1928	6323	FLORIANÓPOLIS RUA BOCAIUVA, 2125 CENTRO	632
1929	4631	FLORIANÓPOLIS RUA NUNES MACHADO,192 SAMF CENTRO	463
1930	4632	FLORIANÓPOLIS RUA ARCIPRESTE PAIVA, 107 PFN CENTRO	463
1931	4633	FLORIANÓPOLIS RUA CONSELHEIRO MAFRA,  CGU CENTRO	463
1932	4634	FLORIANÓPOLIS RUA DOS ILHÉUS, 336 SPU CENTRO	463
1933	6324	SÃO JOSE SC AV. JOÃO LEDIO MARTINS, 180 KOBRASOL	632
1934	2057	ALMOXARIFADO OSNIR	8
1935	2058	CASA 190	8
1936	2059	SALA COMERCIAL	8
38500	2060	GARAGEM	10000000
38501	607	RIO PARANAIBA	10000001
38502	2061	PLANSUL MATRIZ	10000002
38503	1147	SUPERVISOR CLEITON	10000003
38504	1147	SUPERVISOR CLEITON	10000004
